step,speedX,speedY,angle,trackPos,distFromStart,distRaced,damage,steer,accel,brake,gear,r_speed,r_safety,r_smooth,r_anticipation,r_time,r_terminal,reward_total,terminal_reason
0,-0.00913045,-0.00302988,0.00822276,0.333439,3598.45,0.0,0.0,-0.9493488669395447,0.6378511190414429,0.0,1,-0.009092603003111566,0.0,-0.0,-0.0,-1.0,0.0,-1.0090926030031115,
1,-0.00913045,-0.00302988,0.00822276,0.333439,3598.45,0.0,0.0,0.611137330532074,1.0,0.0,1,-0.009092603003111566,0.0,-1.5604861974716187,-0.0,-1.0,0.0,-1.477238462244597,
2,-0.00913045,-0.00302988,0.00822276,0.333439,3598.45,0.0,0.0,-0.029194176197052002,0.2997093200683594,0.0,1,-0.009092603003111566,0.0,-0.640331506729126,-0.0,-1.0,0.0,-1.2011920550218493,
3,-0.00913045,-0.00302988,0.00822276,0.333439,3598.45,0.0,0.0,-1.0,1.0,0.7502508163452148,1,-0.009092603003111566,0.0,-0.970805823802948,-0.0,-1.0,0.0,-1.300334350143996,
4,,,,,,,,,,,,,,,,,,,training_stopped
